RegNo,Password
BL.EN.U4CSE22074,Password1!
BL.EN.U4CSE22109,Password2!
BL.EN.U4CSE22008,Password3!
BL.EN.U4CSE22106,Password4!
BL.EN.U4CSE22185,Password5!
BL.EN.U4CSE22019,Password6!
BL.EN.U4CSE22068,Password7!
BL.EN.U4CSE22170,Password8!
BL.EN.U4CSE22171,Password9!
BL.EN.U4CSE22178,Password10!
BL.EN.U4CSE22053,Password11!
BL.EN.U4CSE22144,Password12!
BL.EN.U4CSE22158,Password13!
BL.EN.U4CSE22238,Password14!
BL.EN.U4CSE22041,Password15!
BL.EN.U4CSE22260,Password16!
BL.EN.U4CSE22050,Password17!
BL.EN.U4CSE22249,Password18!
BL.EN.U4CSE22262,Password19!
BL.EN.U4CSE22028,Password20!
BL.EN.U4CSE22113,Password21!
BL.EN.U4CSE22139,Password22!
BL.EN.U4CSE22148,Password23!
BL.EN.U4CSE22237,Password24!
BL.EN.U4CSE22173,Password25!
BL.EN.U4CSE22122,Password26!
BL.EN.U4CSE22104,Password27!
BL.EN.U4CSE22164,Password28!
BL.EN.U4CSE22051,Password29!
BL.EN.U4CSE22077,Password30!
BL.EN.U4CSE22123,Password31!
BL.EN.U4CSE22009,Password32!
BL.EN.U4CSE22115,Password33!
BL.EN.U4CSE22217,Password34!
BL.EN.U4CSE22224,Password35!
BL.EN.U4CSE22229,Password36!
BL.EN.U4CSE22244,Password37!
BL.EN.U4CSE22045,Password38!
BL.EN.U4CSE22073,Password39!
BL.EN.U4CSE22120,Password40!
BL.EN.U4CSE22127,Password41!
BL.EN.U4CSE22150,Password42!
BL.EN.U4CSE22174,Password43!
BL.EN.U4CSE22072,Password44!
BL.EN.U4CSE22134,Password45!
BL.EN.U4CSE22169,Password46!
BL.EN.U4CSE22015,Password47!
BL.EN.U4CSE22130,Password48!
